Student_Comment,Sentiment
The modules are well-structured and the hands-on labs really helped me understand the concepts.,Positive
The lectures are outdated and the professor takes weeks to grade the assignments.,Negative
Fantastic introduction to Python for data analysis. Highly recommended!,Positive
The Deep Learning capstone project was challenging but incredibly rewarding.,Positive
The audio quality in the Deep Learning videos is terrible and distracting.,Negative
I loved how the instructor explained SQL joins using real-world databases.,Positive
Setting up the Python virtual environment (venv) was explained perfectly.,Positive
The Cyber Security fundamentals course gave me a great foundation.,Positive
I got stuck on the Postgres database setup and the TAs never replied.,Negative
They force you to use Conda which completely broke my computer setup.,Negative
Best course on building dashboards with Looker Studio I have ever taken.,Positive
The Cyber Security labs are broken and wouldn't load on my browser.,Negative
Deploying our Streamlit app to AWS was explained perfectly step-by-step.,Positive
Too much theoretical math and not enough practical coding in Python.,Negative
The text mining module on Regex was super clear and helpful.,Positive
The API crawling module missed so many important details about pagination.,Negative
I couldn't understand the text cleaning pipeline explanation at all.,Negative
Great community support in the discussion forums for the Data Science track.,Positive
The machine learning theory was balanced perfectly with practical coding.,Positive
It felt like the Tableau section was just a giant advertisement.,Negative
I really appreciated the clear instructions on API crawling and rate limits.,Positive
The final project requirements for the AI class were incredibly vague.,Negative
The regex cheat sheet had several typos that messed up my code.,Negative
Building a text cleaning pipeline from scratch was my favorite part.,Positive
The grading is incredibly fast and the feedback is detailed.,Positive
Customer support ignored my refund request for three weeks.,Negative
The UI of the learning platform is so intuitive and easy to navigate.,Positive
The videos constantly buffer even with a fast internet connection.,Negative
Building a fake image detector in the deep learning class was so much fun.,Positive
The peer feedback I received was completely unhelpful.,Negative
The Flask deployment tutorial is completely outdated and throws errors.,Negative
The integration of pgAdmin and PostgreSQL was seamless.,Positive
I feel ready to apply for junior data analyst roles after this.,Positive
Way too much reading and not enough hands-on video tutorials.,Negative
The cryptography section in the cyber security module blew my mind.,Positive
The cyber security module barely scratched the surface of real threats.,Negative
Great pace for beginners learning Pandas and data manipulation.,Positive
The dashboard project dataset was full of missing values they didn't warn us about.,Negative
I felt completely lost during the deep learning neural network math section.,Negative
I finally understand how to handle imbalanced datasets thanks to this.,Positive
The video quality is fantastic and the subtitles are very accurate.,Positive
The platform keeps logging me out right in the middle of quizzes.,Negative
Learning Flask for web deployment was exactly what I needed.,Positive
The assignments are way harder than what is taught in the lectures.,Negative
The instructor talks way too fast and skips important steps.,Negative
The instructor's enthusiasm for data science is contagious.,Positive
The assignments are perfectly aligned with the lecture material.,Positive
I spent hours debugging the provided code because it had syntax errors.,Negative
I loved the deep dive into blockchain and federation servers.,Positive
The certificate at the end looks really unprofessional.,Negative
There is no way to contact the professor directly if you have a question.,Negative
The peer review system actually works really well here.,Positive
This course demystified confusion matrices and evaluation metrics for me.,Positive
The text mining module focused too much on old methods instead of modern NLP.,Negative
Creating the financial health predictor app was a great portfolio piece.,Positive
I hated how the Streamlit app tutorial skipped the AWS EC2 setup.,Negative
The forum is a ghost town and no one helps with debugging.,Negative
The explanations on cross-validation were the best I've seen.,Positive
I appreciate that they teach modern text processing techniques.,Positive
The dataset provided for the final project was boring and overused.,Negative
The cyber security labs felt like real-world hacking scenarios.,Positive
The mobile app version of this course crashes constantly.,Negative
The career advice for aspiring data scientists was spot on.,Positive
I failed the quiz because the questions were worded terribly.,Negative
They didn't explain the difference between precision and recall clearly at all.,Negative
I love that we can download the lecture notes as PDFs.,Positive
The project instructions were crystal clear from start to finish.,Positive
The blockchain lesson felt completely out of place in this curriculum.,Negative
Learning how to extract features using TF-IDF was fascinating.,Positive
The financial analysis project lacked proper documentation.,Negative
The dashboard visualization tips using Power BI were very practical.,Positive
I had to rely on YouTube to actually learn the SQL joins.,Negative
The course is way overpriced for the quality of the content.,Negative
I actually enjoyed learning about ethical data collection.,Positive
The quizzes are challenging but really test your knowledge.,Positive
The virtual lab environment was incredibly slow and laggy.,Negative
This platform is a game-changer for online tech education.,Positive
The subtitles are auto-generated and full of mistakes.,Negative
The machine learning module was just reading off of slides.,Negative
I wouldn't recommend this platform to anyone wanting a serious tech career.,Negative