,1,2,3,4,5,6,7,8,9,10,11,12,13,14,15
1/1/2026,0.496714153,-0.480647941,0.534629086,0.195845255,-0.57912411,-0.285094257,-0.138455984,1.503419828,0.44194065,-0.718832388,-0.401220472,-0.08071658,-1.598124352,0.408052847,0.157127919
1/2/2026,0.159764191,1.530020946,-2.154581562,-0.860865625,-1.002045488,-0.460052756,-1.348908622,1.022957752,-0.692652493,0.098056164,-0.016639801,0.030205242,-0.976139251,0.918045134,0.506158452
1/3/2026,0.743547052,3.966218706,-2.12821437,-0.108266619,0.292373792,-1.581831563,-1.373196863,-0.583946058,0.628446502,0.511749105,0.00260852,-1.980077539,1.721109064,0.920088981,0.136822967
1/4/2026,1.969158088,4.003750603,-0.734935809,-1.767543576,0.303741926,-3.666222958,-1.620728188,-1.245237035,0.780008071,-0.064610455,0.099241211,-0.271718849,0.307104377,-0.573272724,-0.220286016
1/5/2026,0.947341478,3.189969748,0.687930704,-0.031370508,-0.370243047,-5.253174983,-1.731095726,-0.94423374,0.369418405,-0.080813286,-0.713465058,0.183457167,-0.202011246,-0.832515809,-0.943065359
1/6/2026,0.33426793,3.153969876,-0.300222544,0.453775178,1.961994504,-5.052506005,-0.509178838,1.330316817,0.900463475,0.280755519,-0.40356886,1.10808441,-0.687105334,0.344740338,-2.084831102
1/7/2026,1.779773573,5.065413271,-0.469982492,0.528294841,0.553980413,-4.636418668,1.650746447,-0.914359813,0.966733638,0.130938364,0.255856975,-2.231404732,-0.182458332,0.545086801,-3.65835068
1/8/2026,1.835298873,6.459508881,-1.126141007,1.299667888,-3.166911248,-4.750823208,1.888006555,-0.858139297,1.529789905,0.099016013,1.604657793,0.749531865,0.098273494,-1.987313032,-6.378273284
1/9/2026,0.631704938,5.418812073,-0.677856598,2.445275178,-1.422060649,-5.344309441,-0.094011173,1.191609662,1.433273772,1.697475637,1.922065502,0.310129491,-0.584691051,-1.832719689,-8.580726021
1/10/2026,0.921583006,4.820017013,-1.132121119,2.481535172,0.244204401,-6.438600474,-0.080756143,-0.473958712,0.219049177,2.392787287,3.306421759,1.294260511,-0.061068004,2.373856486,-9.243979992
1/11/2026,0.089532111,3.488559777,-1.332299928,-0.351953128,-0.19769229,-7.067581974,1.334094482,-2.220188003,0.226053164,1.634861807,1.216505492,-0.26334962,1.968963022,2.229619372,-8.83439906
1/12/2026,-0.412010487,1.56323064,-1.825205694,-1.490748844,-0.944830242,-8.794742791,0.535916932,0.519766012,-0.886098215,-0.205372908,1.602223932,0.454764133,1.515316963,-0.911946273,-7.51128345
1/13/2026,-0.005244021,-0.067665048,-0.659792763,-1.519267884,-0.921722621,-9.298728527,-0.109971863,0.866052216,-0.791979885,-1.838432554,1.144676365,-0.780557083,1.401054907,-0.970733374,-5.983111248
1/14/2026,-1.916426657,-1.244646156,0.789009232,-0.88546968,1.473437094,-9.626072478,-0.093904603,-1.589735563,-0.385796051,-0.166892272,2.876608752,-1.092103211,-0.304842328,0.395550249,-5.436763319
1/15/2026,-2.874773827,-1.296487091,0.503264493,-0.013622788,2.506739065,-9.433286513,-0.825975337,-0.189607732,-0.414306879,1.904098811,0.917666966,1.258769427,-1.626166724,1.732011874,-4.535653447
1/16/2026,-2.287151825,-1.666643706,0.196022013,-0.733917486,1.674705677,-10.22666179,-0.07866656,1.406265598,-0.418937694,2.634146368,-0.289121663,0.564579256,-0.723251635,-0.095908869,-4.932673132
1/17/2026,-2.385122216,-2.504284068,-1.33528521,-0.253583727,-1.146432224,-10.66884612,0.099030745,-0.269952216,-2.142732897,0.555721827,-0.772865643,0.556180427,1.311452722,-0.57787204,-6.750315095
1/18/2026,-1.116825997,-3.158003264,-1.546755819,-0.907533169,-2.965717076,-9.927792048,0.420668557,-0.783111618,-2.372830974,-1.278058038,-2.58761511,1.203775987,1.604986121,0.874384434,-9.255436035
1/19/2026,-1.578119674,-3.407772001,-0.943453186,-1.156037704,-4.155223614,-8.762985229,-0.509344922,-1.062087722,-1.313060549,-2.416253067,-2.078324088,1.21794748,0.63168037,0.558300066,-10.16055258
1/20/2026,-2.359175505,-3.38500709,2.128984651,-2.100283719,-2.902678222,-8.866428623,-1.047127632,0.351084954,-0.459535922,-1.827064162,-2.006127114,0.881187393,0.189908378,0.180578994,-9.220805957
1/21/2026,0.050143466,-2.88642878,1.000842536,-2.183403478,0.995994563,-9.17616073,0.023834222,2.201018855,-1.193500545,0.97882274,-1.053282482,0.893673438,-1.155736983,1.116161193,-7.698258491
1/22/2026,-0.195690221,-1.525439397,1.519811697,-2.661726692,2.430304703,-10.42028208,-0.071963498,1.731574246,0.257887512,1.048157665,-0.290213513,2.939619648,-0.473516259,1.720267808,-5.469147528
1/23/2026,-0.049885928,0.105708103,2.342435517,-2.572909268,0.710278688,-12.01104625,1.541848841,0.567670815,-0.230947956,0.484999552,1.702042731,1.706152992,0.887381064,-0.474699111,-4.4749988
1/24/2026,-1.454679743,1.734299184,1.850597673,-0.490103764,-0.588246959,-12.06247327,1.062073776,1.563814443,0.507513283,0.087040364,1.971649477,1.224790842,0.344533424,-0.564942512,-3.969555834
1/25/2026,-1.41719057,1.356023428,2.796173882,-1.243461147,-1.160710089,-10.781921,0.595867139,1.243435342,1.068733884,0.017780143,0.60608603,1.785528901,-0.478611569,0.351917009,-3.617166924
1/26/2026,-0.739391752,0.38817409,2.473640607,1.886305376,-0.470216235,-9.600055739,1.320398292,-1.381663881,0.059017377,-0.997189995,-0.534763053,2.176843274,-0.161444414,0.228408277,-2.621438687
1/27/2026,-1.594628629,0.312085885,1.774821688,1.625101127,1.09866385,-9.858151685,-0.385130254,-1.087075546,1.546328657,-0.942607552,0.17106134,2.49313627,-0.411090651,0.123913387,-1.715784926
1/28/2026,-0.581079159,1.235127931,0.989953869,1.1598968,-0.660090456,-9.854824829,-2.520720232,2.373172831,0.289651854,-2.899660691,-1.217596403,2.134611984,-0.446365835,-0.142104802,-1.614947674
1/29/2026,-0.949286185,1.461072981,1.697297556,-0.1624197,-1.159527066,-9.510653621,-3.490339956,1.242473623,0.586525368,-2.567440516,1.100900924,0.137762278,1.850085826,1.008744487,-1.206008249
1/30/2026,-0.861265461,0.591425349,2.434545565,0.602858059,0.993734907,-11.61477588,-1.0928484,-1.275291011,1.661506671,-1.520826564,1.839980675,1.716088899,1.517905928,0.970017321,0.185978833
1/31/2026,-1.118465889,-0.833983543,1.030183188,-0.213922991,0.742669695,-13.2547772,-0.593248705,-0.535574763,0.560366054,0.601003324,0.634812753,-0.116692054,0.301802532,-1.208989497,0.790910471
2/1/2026,1.181198651,-1.439865315,-1.054426515,-0.00634398,0.421387898,-13.87169592,2.040831675,0.299766042,1.404400243,2.342649439,-1.332246877,0.232620233,-0.639976601,-1.72010466,0.758621185
2/2/2026,0.695221966,-0.501306374,-1.257892773,2.55627815,3.165847787,-13.05151232,1.479447953,-0.776599278,1.009139727,1.527458742,0.554524248,-0.61470371,0.165186949,-0.252163481,-0.349730856
2/3/2026,-0.640577749,0.171309411,-1.510177206,1.437706991,2.337886387,-13.05344705,0.69857624,0.261487942,0.693244887,1.613127689,0.218174703,-0.432960573,0.19904609,1.7693483,-4.042023415
2/4/2026,0.438198262,1.279111142,-1.138628603,2.011897521,0.007827901,-16.77894696,1.965218594,3.328968335,0.722421734,-0.085522005,1.368721134,0.068986067,-0.622339663,2.019364849,-7.305969828
2/5/2026,-0.957924692,2.521253146,0.642714003,0.503962087,-1.257317671,-20.32351496,3.605546166,2.485813961,0.331030861,0.536896035,-0.773194978,0.362748855,0.750384986,-0.376262427,-8.555202503
2/6/2026,-0.36589122,3.203992476,0.3590306,0.267388762,-0.823640286,-22.01915015,4.666713815,-1.04540737,0.922600207,2.115024767,-1.06329201,0.639570068,2.32331711,1.2304162,-8.738222622
2/7/2026,-2.179204856,3.340108956,-0.046228743,1.931233893,0.645758665,-24.58142106,4.366324569,-3.218262006,1.579112133,0.683292272,-0.632731506,1.99745331,1.129076191,2.157045161,-10.66656301
2/8/2026,-2.635708963,4.062698093,0.017779011,0.531773278,0.912672176,-27.94261896,3.690571302,-1.476303363,-0.641580418,0.561698425,-0.33265831,1.652006287,-1.542171282,1.5936606,-13.14919753
2/9/2026,-1.384564142,5.195135075,0.880529481,2.131512525,-0.77120422,-27.69336973,2.847437611,1.744186761,0.284137244,-0.528872865,-0.649660457,0.747047137,-0.510187932,0.455203551,-17.03255071
2/10/2026,-0.092271905,8.3132116,-1.46725224,1.98665945,-0.899888587,-26.47182193,2.439090661,2.180107877,-0.998687269,-1.927101556,0.233053658,1.412315451,-0.536718316,-0.032901081,-19.1020354
2/11/2026,0.116005138,10.46974559,-2.239082149,0.629528894,1.530096683,-25.16073959,0.979704045,0.533685699,-0.131794225,-1.522025604,-0.927788235,2.036859759,0.248414511,0.930143483,-20.74493024
2/12/2026,-0.046045199,11.85565536,-1.1509375,1.010125076,2.027256704,-24.65927052,-0.548821148,-1.072456251,1.473826506,-0.7903931,-0.699052426,-0.00549196,-1.529646323,1.922252331,-21.01829082
2/13/2026,-0.328730815,12.41705106,0.709123683,1.578629495,1.403601654,-26.77402189,-0.605064585,-2.023725361,0.096628877,-1.08501965,-0.299135824,0.594104894,-0.66026735,2.058835609,-19.60873572
2/14/2026,-1.67576048,11.62000099,0.342690977,1.568987659,0.151679569,-29.25828241,-0.474066698,-0.174385601,-0.798886421,0.600863657,0.33495734,1.057635679,-1.184266669,1.504247485,-19.19065819
2/15/2026,-1.725300496,10.69626032,-1.901968197,-0.628832124,0.117457302,-31.0995724,-0.758335247,1.986029686,-1.669473594,1.067628078,0.912589282,0.337017904,-0.345837987,-0.043208532,-20.52289181
2/16/2026,-1.495819069,10.27393483,-1.081893735,-1.10443645,0.639855108,-32.73702692,0.135928604,-0.30184088,-1.491939695,0.357901537,-0.577088523,1.577917556,0.133659722,-1.345098646,-21.53825423
2/17/2026,0.159630785,13.00738933,-0.928424678,-0.910180506,-0.704493279,-34.03407958,1.30182449,0.042063393,-1.139972544,-0.518916154,-1.880367284,0.796694946,-0.881400331,-0.492660324,-22.81661062
2/18/2026,0.439396761,15.92240299,-1.908023954,-0.620541733,-0.661900027,-34.60536333,1.121441215,1.63073673,0.086460547,-2.486073379,0.149456451,0.603593421,-1.229312246,1.337719717,-23.90330182
2/19/2026,-1.499402099,16.44915955,-2.05422403,0.248347058,-0.793708145,-34.96611639,2.073613443,2.114004685,1.665403232,-1.431475532,0.421987883,0.189084228,-0.091152191,0.900666982,-24.98690182
2/20/2026,-0.57555729,16.47313484,-1.461375529,0.326709236,-1.291547206,-36.52163287,0.48612964,-0.329322811,2.752508925,-1.410027124,-0.495293807,0.129029585,0.33484574,0.838475647,-27.65963402
2/21/2026,-0.730416654,14.54938533,-1.409242572,-1.139318817,-0.273145629,-37.60076105,-0.407270285,-2.981456995,1.37235996,-1.16311841,1.253975691,-1.018857336,0.794193632,2.072267401,-32.38432057
2/22/2026,-1.115171993,12.26585883,-3.152085209,-0.303393439,0.750442998,-39.95451732,-0.997921247,-1.818805076,0.252090896,-1.17186873,0.868060049,-2.051365284,2.607302593,0.236282392,-36.10768226
2/23/2026,-0.057426907,10.86578981,-1.56120283,0.428549682,-0.651035229,-44.39181442,-2.652226169,0.701396094,-1.641081494,1.216677951,1.700133214,0.363685893,0.529985918,-1.997511445,-38.7899149
2/24/2026,0.996543378,10.82836143,0.853100105,0.816920257,-0.031806584,-47.34019091,-2.155408417,2.923608026,-2.29978609,2.939835724,1.08759841,-0.628749813,1.256508889,-1.361519597,-41.23312317
2/25/2026,1.529206146,12.17682684,1.58802206,1.57093288,1.410854357,-48.23260628,-1.232523991,2.575451542,-0.507389439,1.177758157,2.713306971,-1.368642237,1.379495412,0.33734042,-42.27972921
2/26/2026,0.078306164,12.9691476,-0.083065844,1.776481882,0.028246075,-48.57194074,0.848488744,0.091121487,1.747828757,0.830664011,3.383325025,-2.974575456,-0.167293967,0.203679154,-41.38631863
2/27/2026,-0.262228677,13.04214122,-0.698098724,1.525069209,-2.343010696,-50.1996876,1.660435954,-1.99173222,0.285798636,-0.299979506,1.781030866,-2.423707021,-1.773474229,1.081490791,-40.53609587
2/28/2026,0.173926225,12.24450956,-0.436167291,0.844875814,-1.798971981,-52.58197091,0.058355826,-0.155213411,-0.94330449,-0.446977304,2.040189471,-2.777314006,-1.607982955,1.549502985,-40.50283328
3/1/2026,1.079900862,10.25480759,0.378102218,-1.154035445,-0.392971368,-54.62804311,1.47359575,0.252481605,-0.735043706,0.45297058,1.869489632,-0.024373244,0.042010478,0.388937512,-40.15303204
3/2/2026,0.168766279,8.806849916,1.096909354,-0.262803048,0.306949798,-57.58295377,2.699468597,1.169391096,-0.097922997,0.595826861,2.490325337,0.995193143,0.262116163,-1.775326216,-41.05001536
3/3/2026,-0.084399209,6.81943715,0.081617073,0.050005858,0.042694574,-60.89287581,2.42024548,1.068894924,-0.746500555,1.500021702,0.529271741,-0.091034459,1.591193364,-2.902413397,-42.04352007
3/4/2026,-1.156974499,4.575569816,-0.170865426,0.301582352,-2.246069269,-62.59601303,1.216477723,1.334764635,-0.273030641,1.759892279,1.003614505,2.19781513,-0.051117036,-0.876744005,-41.97616041
3/5/2026,-1.890391324,2.026762005,0.404645914,-1.095799164,-2.254549357,-61.86442483,-0.441794015,1.718754889,-0.44073025,0.757189433,1.66059319,2.300454565,-0.618117742,-1.324676746,-40.97957141
3/6/2026,-0.321708972,0.549573525,1.841057441,-1.738536039,-0.512920412,-61.13125397,-0.976879478,0.275408666,-0.424353135,-1.835269359,-0.762383573,1.055441355,-1.566287895,-0.295917862,-41.97825561
3/7/2026,1.163214645,1.739532129,2.207364189,0.01003123,1.008987369,-60.14458048,0.45142617,-1.087902959,0.328326772,-2.824537512,-1.640688656,-1.866140902,-0.920469442,0.922864337,-44.30719775
3/8/2026,0.625918666,2.052634359,2.174541398,-0.033536416,0.274758366,-61.08839228,2.545798839,-1.147841408,0.389099355,-1.037437913,-3.023645371,1.171258032,0.572105422,3.527511477,-46.96350393
3/9/2026,1.379084097,-0.263316778,1.486720002,0.661378848,1.107345571,-61.95225816,3.56997747,0.148283,-0.239267305,0.564940357,-2.083594057,-0.686817648,0.220045873,5.123680645,-48.8965323
3/10/2026,1.189086483,-2.704283587,2.187349797,0.425145685,-0.629285471,-62.94480048,1.913436725,0.735158671,-0.403797813,-0.474611436,-0.532614179,-2.057489336,-2.662495637,1.596685716,-49.52566127
3/11/2026,0.068332135,-4.215609319,2.067621353,0.28484355,-0.436070064,-63.63495446,-0.35843884,-0.325517713,-0.334105787,1.534132886,1.182788545,-0.211923169,-2.173985215,-1.379261216,-48.16605595
3/12/2026,0.402394887,-4.895896553,0.336627885,1.109189936,0.653226748,-64.14312646,-0.486180146,-0.80189373,-0.572409107,3.616555344,0.783767907,2.312598505,-0.570674797,-0.179299796,-47.09690304
3/13/2026,1.779473499,-5.641059756,1.227248748,0.149469234,0.965058177,-63.25149186,-1.95517494,-0.172204804,-0.693005028,2.074378414,2.09887629,2.771831921,0.293652777,2.446801083,-47.20046653
3/14/2026,1.03185806,-6.511957234,1.872875635,0.185802317,0.755060292,-62.93073974,-1.361795502,-1.909711283,1.148626231,-0.038172018,-0.120775684,2.227008273,1.544326482,0.121314164,-46.36171886
3/15/2026,2.183758492,-6.767304959,0.772555105,-0.350793898,1.087571848,-62.5479,-0.699233252,-1.312235129,1.774691432,-0.945217423,-1.77584785,1.930959305,0.195422438,-3.455604853,-44.9870573
3/16/2026,-1.309490009,-5.696327497,-0.270433023,-0.644972567,0.369767789,-62.28390046,-0.874694162,-0.45391134,0.816233177,-1.512366526,-1.121056409,2.011991142,0.349505853,-2.773175856,-42.74632039
3/17/2026,0.036208499,-6.488574343,-0.030438153,-0.696155663,-1.622863978,-62.42355995,-2.218464749,-1.470139647,0.986878866,-0.733463108,-0.288568396,1.966123275,1.639346881,0.341292282,-40.47932448
3/18/2026,0.108772168,-8.310386275,0.566595937,-0.195559626,0.136166184,-62.77036228,-1.233513495,-2.551629485,0.438401705,0.566106843,-0.205835786,1.460865389,-0.481911139,1.856974483,-40.13187956
3/19/2026,-0.23374405,-9.37413436,0.665864152,-0.596084398,1.22938744,-63.91604373,-0.944017544,-3.072936605,1.258797694,-0.651063309,-2.190943572,0.980720337,-0.632738777,1.978072931,-41.83509927
3/20/2026,-0.048485653,-10.82345492,0.723157656,0.898105487,0.465909222,-65.04038811,-1.855005944,-2.50651509,1.468290894,-0.709442029,-1.403686182,0.525839074,-0.692688489,-0.439219544,-45.07510752
3/21/2026,-2.016660307,-10.42086567,2.186059672,-0.35574401,1.210209812,-65.78469245,-4.267731919,-1.223798023,0.77470018,0.067361612,-2.14668121,-0.438461144,-0.62953885,-3.823008817,-47.13281676
3/22/2026,-1.429668072,-9.949137192,2.844555938,-0.40031805,-0.117034032,-66.02135892,-3.31028575,2.080795771,0.792146158,-1.790233046,-0.618336177,-0.543751763,0.000297989,-1.608242389,-46.84781956
3/23/2026,-0.500688272,-10.02509773,2.041530821,-0.679921888,-0.485821542,-65.95823353,0.10610276,1.804765463,-0.995716303,-2.507781231,-0.00440346,-2.019207872,-0.348008976,0.321019628,-44.23316069
3/24/2026,1.177481082,-9.535298299,2.038330228,1.039024751,-0.35310791,-65.08011117,2.423211233,-0.145109591,-2.252976081,-1.093018728,-0.942521862,-1.30986435,-1.044603993,-1.878386682,-40.89657897
3/25/2026,0.188218431,-9.554692381,0.363165443,0.819969627,-0.51803293,-63.23073186,1.419013046,-0.03722707,-2.771120034,2.100147452,-1.079380035,-1.774509717,-0.758432811,-1.532191375,-37.31023869
3/26/2026,-0.695562544,-11.70854427,0.16650021,1.523826316,-0.015693918,-62.70997329,-0.07554404,0.280627062,-1.720186925,2.772328638,-1.706841543,-2.168295148,-1.452801377,1.052319077,-35.15703156
3/27/2026,-0.91909457,-14.35279646,2.051727275,-0.571264584,-1.297313484,-62.05405731,0.190117412,0.046367988,0.929598775,-0.734277767,-1.086784023,-1.121082937,-2.247124193,1.152017345,-35.31153127
3/28/2026,0.363945376,-15.12423448,1.531540282,-0.075708484,-2.037330147,-62.4124579,-0.715817031,-1.313488309,3.389105533,-1.358304438,0.303071907,0.719352524,-0.878518865,-0.404993427,-35.13235967
3/29/2026,0.547118335,-15.40927214,-0.169082146,0.844205705,0.710111419,-62.63281058,-0.455470791,0.317644184,3.225123927,-1.544662048,-0.803882902,1.34992812,-1.316304155,-0.866192077,-34.1821363
3/30/2026,-0.201489203,-16.5951766,-1.075683533,0.588807412,2.548642508,-61.85135546,0.659061643,3.179495,2.368626879,0.001722508,0.021716774,-0.760543731,-0.45135719,-0.654355988,-33.29571752
3/31/2026,0.392373911,-16.80426422,-1.888310359,1.418764822,1.082910148,-62.98392988,1.862896157,0.244488699,-0.416406505,0.735672436,-0.517227554,-1.445954375,0.503437698,-1.531728142,-32.32277258
4/1/2026,0.332501896,-16.79765558,-2.164770303,0.333970443,-0.182308289,-64.52615374,1.322067291,-2.890135548,-1.471300146,-0.131304795,-1.103209365,0.073198563,-1.289051363,-1.749340244,-31.2221344
4/2/2026,1.168146128,-17.46923866,-1.766798013,1.609729706,-0.600492395,-65.87349454,0.417298265,-1.871304424,-1.740503345,1.096212974,-0.768955979,-0.938568256,-2.012413025,0.089865377,-29.11634189
4/3/2026,-0.001165417,-17.97781282,-2.437169265,3.264735947,0.944707981,-67.67491234,-0.750802954,-0.940267761,-1.806212771,-0.150619746,-1.49661591,-0.787774104,-0.08312297,1.2428614,-25.91597237
4/4/2026,-0.328361397,-17.43747907,-1.765193106,1.596003008,1.053630987,-67.78429331,-1.553474866,0.267369951,-1.319589244,-2.581316707,-1.451618851,0.077387637,-0.545083255,0.786946329,-22.80403751
4/5/2026,-0.589124991,-14.34619018,0.025927954,0.512099283,0.123787483,-67.82817488,-1.333968466,0.082786882,-1.199142727,-2.130486317,-2.068849203,-0.921911873,-1.129412102,-0.971645524,-19.81896355
4/6/2026,-1.816989943,-10.47332397,-0.533881334,1.760644047,1.024641942,-68.98772031,-0.390210283,1.733736532,-2.767707405,0.793514611,0.723415611,-0.447771617,-0.288406863,-1.335081176,-17.09095518
4/7/2026,-0.794073689,-6.576146223,0.889240785,2.635958574,0.109856881,-70.0109411,0.865425687,3.044257663,-1.42766337,0.048628531,0.469312919,-1.602688465,0.824011435,-2.426683546,-15.65828862
4/8/2026,-0.215388941,-4.163885792,1.56312605,1.058715117,0.766170419,-69.90143635,-0.005032257,1.257790127,-1.487410609,-3.861309916,-0.418137757,-1.562980723,0.473823035,-1.468866142,-14.27270887
4/9/2026,-0.124119908,-3.995380739,2.016460446,0.215042253,-0.401343293,-69.63458722,1.16890086,0.589523921,-0.93355565,-3.2253954,-0.036902743,-0.6180065,-0.461214231,1.929233375,-14.45757375
4/10/2026,-0.309059078,-4.344880411,0.762627904,-0.152759257,0.275176958,-68.37893149,0.910402257,1.391605046,1.70300359,0.483403651,-0.134469696,-1.963797633,0.952758668,0.466992149,-14.21184866
4/11/2026,-1.600806189,-4.416244623,0.972705357,-1.436106065,0.843265017,-66.51137711,0.325384394,0.191960776,0.761750271,2.720510287,-0.301651417,-0.737803842,2.784226943,-1.806626006,-14.73199078
4/12/2026,-1.381129036,-5.483990935,-0.263771131,-1.780315586,-0.378617986,-67.30356798,-0.5930664,-1.584477451,-2.517166224,1.121829226,0.43317585,-0.462320104,3.066531388,-0.653848512,-15.35553423
4/13/2026,-1.171391938,-6.839189622,0.321588375,-2.072330118,-2.354843052,-69.39745512,-3.019658132,-0.985381295,-2.556702343,-1.091981975,1.01741322,0.275097892,2.010127057,1.716734426,-16.43191261
4/14/2026,-1.505112432,-7.340638498,0.688732528,-2.011195636,-2.226095166,-71.48036298,-1.595479774,1.038789386,-0.291793225,0.199422609,0.079946784,0.388972869,0.230925064,1.041612848,-16.94692764
4/15/2026,-1.064353171,-7.081455627,0.96635322,-1.241402269,-1.250317051,-72.5316678,0.292722169,1.283095318,2.252834696,-0.898590188,-0.52785017,1.597524152,-1.038288163,-1.116322606,-17.01316739
4/16/2026,-0.234561046,-6.241461354,-0.471117508,-0.510626629,-0.88993999,-75.54758727,0.159771086,-1.363788705,0.680206735,-1.876319478,-0.591761799,1.083738994,-0.328807739,-3.026823509,-18.66462981
4/17/2026,1.745449274,-5.194356134,-1.600866438,1.244124516,-0.242283077,-76.12053777,0.034345237,-2.528258064,0.344982753,-0.259618763,-2.656978244,0.220837855,0.462999993,-1.724196034,-20.03218561
4/18/2026,1.221847377,-4.927619295,-0.561232938,-0.251879331,1.170236956,-74.65877712,0.559908123,-0.934695765,-0.094139391,1.036178894,-3.109378009,0.254800216,1.800457878,2.523184956,-21.22029005
4/19/2026,0.990658817,-5.534982149,-0.990073186,0.8331948,1.275985591,-73.36733088,-1.076216108,0.346439676,-0.339142233,0.227771093,-0.498752538,0.696178159,2.111318469,2.85235254,-21.34096638
4/20/2026,0.519949374,-7.355301572,-0.411169503,0.285928036,0.48608138,-71.33645702,-1.692179074,2.410699075,2.432392889,-0.456293531,1.345716191,0.466566966,-0.18724103,0.349469981,-20.97147314
4/21/2026,-1.606801591,-7.262193886,-1.387440041,0.122093112,-1.153724385,-67.18349479,-0.263445928,0.519579684,0.770963455,-2.669067704,0.558393675,0.320531871,0.357094982,-0.423271745,-20.35369336
4/22/2026,-0.99059483,-6.30049139,-0.39240093,0.748075359,-2.103183782,-62.64914378,-1.068306516,-0.906734251,0.038033258,-2.858113349,0.911593168,-0.509672565,-0.398734089,-0.194280151,-20.74288395
4/23/2026,-0.534126688,-5.941597766,-1.089454095,-0.673876806,0.960052685,-58.54434676,-0.742311095,1.359305363,0.588205665,0.059538455,0.858206055,-0.968704457,-0.982562568,-0.852026188,-22.04451502
4/24/2026,2.1427661,-6.767480201,-0.485436436,-0.021916337,1.271421268,-55.47637197,-1.610314179,3.717650097,1.566966426,0.217962365,3.593804442,-1.983827946,-0.394669586,0.132563519,-23.57879841
4/25/2026,1.093298695,-4.7917478,0.603832691,0.153302406,1.350077663,-53.71176784,-0.881359829,1.657393293,1.315780897,-0.333515488,3.275857576,0.559279976,1.898412779,1.03956598,-23.87198528
4/26/2026,0.957526559,-3.211807441,-0.1446031,0.584432707,0.86007476,-53.19956368,-0.289749404,-0.411217848,1.005134249,0.434778542,1.837596954,-0.90829525,4.857391941,0.423275812,-21.94216908
4/27/2026,0.539804166,-3.229355167,0.23101629,0.639828268,-0.401164113,-53.9562509,-1.774263111,0.144384711,0.234138773,0.141846873,0.147017732,-1.237882348,4.279386452,-1.113704919,-20.75076256
4/28/2026,-0.844795538,-3.038470929,0.608761035,2.839197101,0.66128809,-55.51033333,-0.368444927,0.520657694,0.229536901,-0.115440536,-1.518235681,-1.461136674,2.199185831,0.226003668,-19.36165638
4/29/2026,0.635945492,-2.115809002,-0.130284433,1.065778276,2.150574178,-58.1368458,-0.452918299,0.082408854,-0.120773049,-0.926311546,-0.707477773,0.018242372,1.560819917,1.828292433,-20.15944602
4/30/2026,1.133500328,-0.304173308,-1.289233643,0.108470011,1.060772038,-60.46390271,-1.330548217,0.242348081,0.423908455,-1.054320673,-1.180837409,-0.284004255,1.881867644,0.298603791,-22.91714791
5/1/2026,1.471132144,3.069382643,-3.010664387,-0.55805852,-0.801732796,-63.58274016,-0.788805886,-2.241635505,0.090972648,0.470851298,-2.130756155,1.07733952,0.975328367,0.248530135,-26.12764221
5/2/2026,-0.026708169,6.503478124,-1.940732423,-0.890312231,-0.908153167,-66.1054599,0.834462085,-1.611546199,0.274742583,0.994103536,-1.925026577,-0.027086912,2.154608489,0.048427201,-29.8858367
5/3/2026,1.38676941,7.76098344,-2.395308964,-1.171574466,0.179681215,-67.55996409,-0.139135837,0.772172469,0.258948636,-0.289988941,-2.23656395,0.262742015,2.025459546,-1.231742239,-34.40059613
5/4/2026,-0.569789417,7.730526104,-1.728231391,0.486071852,1.399957345,-68.3038966,-0.414216796,0.561132461,1.243819443,-0.485016227,0.345203265,-0.677701844,1.602501166,-1.603389626,-37.48824707
5/5/2026,0.244983444,7.891611513,-1.089426232,1.712147359,0.939234136,-69.19892004,0.246380042,1.981551146,1.020936098,0.766091175,1.088761716,1.738528021,1.666272071,-2.350721243,-39.34840588
5/6/2026,2.337445692,10.21040499,0.029050373,0.456542122,0.491947369,-66.92013951,0.987822229,1.010741674,-1.283121909,-1.280390188,0.645284388,-0.144481606,1.521092347,-0.779288151,-40.19212961
5/7/2026,0.41193109,11.23798861,-0.015863203,-0.5584303,1.849271723,-62.65432511,0.947594912,-1.171516543,-0.088852441,-0.673846851,1.867114772,0.223131746,1.768121318,-0.972741918,-39.81818847
5/8/2026,-0.319139076,12.35821255,-0.458197588,0.136357376,1.689927897,-60.65932102,0.177346239,1.076328937,-0.445389921,0.584556774,1.197637171,0.767655929,0.602383673,-2.307794772,-38.98297045
5/9/2026,-0.09183208,13.81154954,0.370992796,-0.470408619,0.426687186,-59.85172173,-0.885728237,0.934794645,-1.238754219,0.553605667,-0.142701899,0.874392655,-0.504011192,-3.062811377,-37.69126796
5/10/2026,-0.558574902,15.61133945,0.813302709,0.350686647,-1.764146381,-59.85873425,-0.687756324,-1.136751824,-1.476544939,1.536129646,1.437502938,0.339347934,-1.575480531,-1.509683387,-36.65689717
5/11/2026,-1.885808372,17.00813395,0.856830523,0.413335009,-4.310704384,-61.18142456,-1.381559621,-1.049473581,0.397901106,-0.375889792,1.401411806,0.073788061,-0.788300728,0.394370984,-37.25803422
5/12/2026,-1.062922049,16.95278066,1.024145234,-1.26774311,-1.986242438,-63.82235069,-4.040985899,0.708236126,-1.386948424,-2.146343656,-0.19639907,0.088084308,0.560586632,0.280480049,-37.15439897
5/13/2026,-1.700056943,17.24922515,-0.83579247,0.786859336,0.886762184,-65.6447257,-2.752473339,1.242461522,1.590004636,-1.258395248,-0.30817812,-0.094151417,1.049640783,-1.121263358,-37.15242286
5/14/2026,-0.546441735,18.45695926,-0.275336404,2.267993274,0.40886631,-67.2034226,-0.297677907,-0.968891317,3.106158541,-0.742579326,-1.060525126,0.907388267,2.382421972,-2.168701283,-38.38138956
5/15/2026,-1.247289275,20.48087221,0.777516064,0.748007274,-0.00501352,-67.51150484,-2.150197452,-1.947963319,2.198740908,1.485373818,-2.019114806,2.754955962,1.85541194,-0.543979733,-39.7644856
5/16/2026,0.80156084,22.16794383,-0.382937579,0.061102805,0.014798235,-66.21865895,-3.030002405,-1.245011053,1.133772019,0.959413947,-0.285291336,1.095481792,1.594209218,0.248263283,-41.59611309
5/17/2026,-0.302316788,22.57371245,-0.842222515,0.322527073,1.063815891,-63.57214593,-1.299739223,-0.251845637,0.830482484,-1.211148104,1.738241839,-0.712513904,-0.027099605,0.290589137,-43.56892542
5/18/2026,-0.503451589,20.95847562,-0.558050734,0.527973034,1.07677219,-62.14966769,1.655287562,0.764006625,1.0505853,-0.739873498,-0.355622471,-0.515790391,-0.837329855,-0.577779387,-44.61727409
5/19/2026,0.511446264,20.0293133,-0.429245067,0.975328093,-0.71879366,-61.24700851,1.671435677,1.061544432,1.378957207,-1.015876875,0.349595754,2.270235103,0.122032949,-0.612374831,-44.72591459
5/20/2026,-0.923996558,20.30539202,0.065438719,2.595401395,-0.008253736,-59.83527599,0.11603238,-1.392327955,1.503169304,-1.203394717,-0.440885117,0.558466494,1.188333688,1.419899272,-45.51475809
5/21/2026,-0.326938,19.71720136,1.597630128,1.380293609,0.539831308,-59.14618754,-0.416081427,-0.744732172,1.06340712,0.102676586,-0.751656454,1.974196702,0.639840741,1.964926552,-46.92468459
5/22/2026,1.110979954,18.34282197,2.453128505,0.029878921,0.514042781,-59.74159552,1.093677129,1.078679892,0.370197412,0.28561375,-1.043387796,2.862218835,0.130734339,0.117890389,-46.94016018
5/23/2026,-0.940895262,16.78214869,0.34705175,-1.361391875,-0.12829782,-58.87520561,0.450824953,2.035530986,-0.045109946,-0.178017773,-1.490023448,1.163743059,-1.481146278,-0.555532488,-45.91587891
5/24/2026,-0.379903299,14.12938089,0.270708188,-1.547765165,-1.164460249,-57.32311547,-0.832165202,1.641658903,-0.277972567,-0.674807787,-0.845492441,1.267228915,-1.704751838,-0.368436184,-42.97804505
5/25/2026,0.031940815,10.97854559,1.71311541,-0.961786072,-0.624021161,-55.64214569,-1.218502926,1.212266035,0.916820501,-1.991524344,-1.338245581,2.388733972,-0.104804436,-0.157384024,-38.99768404
5/26/2026,0.800987361,7.545372857,1.774939553,1.21748622,0.213788807,-55.13765596,-1.75567748,0.931870176,1.505475012,-0.971648326,-0.532490523,1.054112642,0.878956064,-0.242487101,-34.87511028
5/27/2026,-0.756358294,4.506075027,2.13317361,0.212880433,0.762225598,-56.46528459,-1.136499867,1.414834567,-1.95022844,2.298097558,-0.369732423,0.428887225,1.17022576,-0.370184007,-33.21728804
5/28/2026,-1.77427159,1.737559324,3.515249421,0.351516212,0.237695489,-58.44095378,1.105496651,1.395288107,-1.495368897,2.096599494,-0.460787501,-0.324348579,0.835152856,0.099135608,-32.15266862
5/29/2026,-0.542621388,-1.919903767,3.586242435,0.194486831,-2.149603427,-60.03510157,1.525698982,0.11493354,-0.290587943,0.240508635,-1.184036162,-1.209365878,0.444549061,-0.715031311,-31.18507359
5/30/2026,-0.02858816,-2.905293852,2.451913631,1.305085372,-2.259699007,-62.11782094,0.639727698,1.767698833,-0.08610825,0.270422545,-1.287193028,-1.374897072,-0.435221345,-1.842897315,-31.18205178
5/31/2026,0.233339955,-1.232692056,2.370768728,3.309983649,0.503012395,-63.90940738,-0.072888821,2.666963414,-0.439056081,-0.974235536,-0.016924591,-2.04887851,0.217089292,-2.303161609,-31.28771425
6/1/2026,0.486452182,-0.381880035,1.748307587,1.455121417,1.036121984,-66.67778683,-1.716359727,1.278044383,0.749177298,0.487993377,0.490762433,-1.195243638,0.809048958,-2.551223971,-30.32189253
6/2/2026,-0.388153412,0.011518864,0.95601197,0.383633407,-0.156940254,-70.30311452,-0.60034641,-1.385680905,1.771760199,1.673468108,-0.683097785,-1.487119414,1.064932505,-2.164346126,-28.76896214
6/3/2026,-0.00063835,0.801233991,0.136152967,1.274340922,0.557991638,-72.36742359,-0.024766491,-2.989832036,0.492013017,2.062621527,-0.310526366,-0.658485736,0.203238949,-0.324202221,-28.46526191
6/4/2026,0.292689463,2.674881467,1.490924148,1.446496043,0.057931951,-72.6667629,-0.223998038,-1.046558428,0.343907728,0.408514336,0.565071304,-1.950987088,-2.262137382,-0.098343247,-27.97981976
6/5/2026,-0.53873774,3.576007854,0.552398752,2.714604951,-2.163299326,-72.93634798,3.008916583,0.893939311,-0.636881956,0.783948054,-1.330362499,-0.839712021,-0.895253147,0.172695999,-27.95491256
6/6/2026,1.542531867,4.799487956,1.481195634,2.212691156,-1.73438701,-74.31180173,3.080454227,0.146480001,-2.086721836,1.918406589,-0.254857307,0.329701749,-0.487602945,0.534568011,-28.04207889
6/7/2026,1.399352041,5.531724105,1.853409031,0.968322603,-0.458069462,-76.67335968,0.907937227,-0.328712358,-2.221925409,1.223508777,-0.815538143,-1.795914593,-1.298112219,-1.841866401,-28.28938719
6/8/2026,-0.351692273,4.361250739,-0.27265601,1.171648392,-0.836508305,-78.97726447,-0.273105403,1.559544341,-0.499256122,0.336441802,0.081275783,-0.703492186,-0.300687503,-1.220672455,-28.80831346
6/9/2026,0.445538245,3.715172076,-0.328401182,1.811692616,-0.745875507,-79.90172298,0.841349969,2.181042584,1.048454373,-0.464358586,-0.714493687,0.805573681,-0.264964827,1.408713415,-28.46285937
6/10/2026,-0.707358723,4.980351582,-2.117167381,1.907497751,0.492618267,-79.20589314,0.993323679,-0.557914916,1.418562625,0.721203487,-2.233578313,-0.72629681,0.770648915,0.27002011,-28.91265915
6/11/2026,0.36266937,8.972747471,-1.273086277,1.651772682,0.692461174,-78.82080413,-0.896307975,-1.640262959,1.639611267,1.170187576,-2.967689426,1.236794301,1.426304961,-0.427117225,-27.75744081
6/12/2026,1.376197201,11.46241423,0.498891551,2.057738299,0.403409626,-79.99150902,-0.104236244,-1.274125315,1.626022236,-1.782299345,-1.732528709,1.16109559,1.643524183,-0.784213731,-27.91279833
6/13/2026,0.005036002,13.05527133,0.011182413,2.40393857,1.932024301,-81.00283453,-0.352570634,-0.832368513,0.378000837,-3.174292263,-0.779794723,-0.008354502,-0.27076589,-0.592938925,-29.51422356
6/14/2026,0.966397731,13.95064419,-0.10780348,2.824522133,1.166077266,-82.29924299,1.429754825,-0.441648998,0.364330325,-1.291762724,-1.372193459,-0.060781779,0.530178756,-1.115335952,-30.40370065
6/15/2026,0.992619565,15.066326,1.949674772,2.343423167,-0.218053107,-84.00710818,2.544244589,-0.536665811,1.155343706,0.765504291,-0.184723617,0.521857845,1.011117503,-2.698226189,-30.1679668
6/16/2026,1.417631899,14.65692489,1.250753655,1.23893582,-0.78814787,-83.96567753,1.256819625,-1.499308678,1.652126993,0.874861218,-1.772354232,0.389120099,0.240781825,-1.861672398,-29.83484512
6/17/2026,2.747372122,12.41326967,-0.635829441,0.890075178,-1.434372795,-82.45106567,1.730497416,-1.122834309,2.3166934,1.342114919,-1.129492338,0.772228052,0.116068524,-0.039602874,-29.74260068
6/18/2026,1.403035157,9.659816827,0.740185647,1.740554074,-1.302350905,-80.97076652,1.445510763,-0.472266986,2.342215896,-1.043596756,-1.888711603,-0.457336762,-1.660845584,0.168092448,-29.30539928
6/19/2026,0.08808493,7.698771755,2.925345375,0.227396773,-0.764313303,-81.27551888,1.602671261,-3.027444009,1.805877694,-1.805079821,-1.785063069,-0.105041233,-1.132264074,-1.22242956,-29.06887287
6/20/2026,-0.836663472,5.920545469,2.251403236,0.505111373,0.29350252,-81.88293323,1.627177918,-0.378727833,2.113668368,-1.959784562,-1.02363917,-1.476739237,-1.43204242,-1.455617861,-27.64931051
6/21/2026,-1.317808368,5.192123408,2.138642922,-0.090271989,2.964663071,-81.07902626,0.161125431,3.214717488,1.45837302,-0.434565316,-1.474596867,-0.997269603,-2.480440099,-0.014938823,-25.26163335
6/22/2026,-0.86778673,6.111491961,2.815382591,-0.02541837,1.545972498,-80.4409871,-0.901529779,1.369589826,-0.163296645,0.943674759,-1.269313665,-1.502269404,-3.30364735,0.57202063,-22.53652815
6/23/2026,-0.179520063,7.776137944,1.201797429,1.26320084,-1.28927051,-78.89486635,0.321775995,-0.629075505,-0.597465147,0.832091002,0.24470461,-1.636891585,-1.148078975,0.40117683,-21.43120957
6/24/2026,0.168978761,10.69350194,-0.181400814,0.949019572,-1.194991452,-75.99889156,0.238096993,-1.814281283,-1.108862004,-0.544204156,-0.430069103,0.253958224,-0.758227531,-0.559153956,-21.33048521
6/25/2026,0.928570506,13.66914079,0.946051772,0.615848292,0.243160131,-71.95120121,-0.4185101,0.504879339,-1.527570335,0.328260375,0.57765065,1.243685055,0.902908587,0.467241601,-21.61021076
6/26/2026,0.570144195,14.44554071,2.65038997,-0.990347166,0.914572455,-68.38547746,-1.325837015,3.60663277,-1.178375148,2.053678663,-0.783116465,1.355349154,0.529143914,-0.172096143,-22.93388044
6/27/2026,1.795620594,15.66630881,2.562081557,0.152045266,1.694694537,-65.50602995,-0.621368473,2.228317214,-1.439414963,1.672702401,0.059934299,-0.279103272,-1.657106586,-0.443473172,-23.87071875
6/28/2026,0.812715523,16.4753017,0.626378769,0.736711341,-1.392488383,-62.0704783,1.921280309,0.738919172,-1.34463698,0.115803143,1.4775292,-0.483870413,-2.628020916,1.442042136,-24.7903854
6/29/2026,3.207798481,17.56853781,1.948324755,2.605281528,-4.81895841,-58.85465973,0.718117208,0.254324713,-2.689117769,-0.032567623,-1.58512698,0.922775452,-0.524808614,1.71021549,-24.95560444
6/30/2026,2.550346436,20.25342295,1.238015924,1.255390682,-2.957104396,-57.20270573,-0.043735105,-1.565830251,-1.888711044,-0.500070959,-1.747971443,0.695382185,0.076022163,0.175955896,-25.79722551
7/1/2026,0.673050305,23.10790914,0.071481822,0.972384737,1.343470218,-56.91069322,1.400040786,-1.84078344,-0.857832564,0.216561982,-0.471710739,2.736558851,-0.572635486,-1.130575055,-25.11825332
7/2/2026,-0.667062315,23.55278606,0.244023633,0.832814526,0.531314106,-56.72120218,1.185267224,-0.216098938,-1.245522723,2.39138395,-0.486071829,2.03525315,-0.345614436,0.247199381,-24.74768236
7/3/2026,0.082235026,22.15342063,1.813107371,2.077141995,-3.990735602,-57.7787915,1.013148852,0.124773705,-0.290351145,2.690015166,0.079502776,1.413201006,0.392982809,-0.440108248,-24.75420378
7/4/2026,-0.17412177,22.17743976,2.38219383,1.150989665,-2.473505956,-59.20188472,-0.374870384,-0.299641425,1.056092832,-0.003662027,-0.556283521,0.53880414,1.514603315,-2.040745699,-23.85660615
7/5/2026,0.609527432,22.68410078,1.947552806,0.969615325,1.034123157,-59.03082299,-0.184085506,-0.275204148,-0.704485393,-0.953381346,-0.247180325,0.456823389,2.652760414,-1.38935286,-23.49275835
7/6/2026,0.838954084,22.98310959,1.603011133,1.189665704,0.152131967,-60.57116624,-0.107864179,-0.121417312,-1.757991421,-1.478246188,-0.303985431,0.121624197,1.546011253,1.190202783,-22.70730124
7/7/2026,0.430543538,23.96112606,1.030335647,0.900408546,-1.704525372,-61.05651702,0.8569402,0.060039591,-1.953227972,-0.47025846,0.985390803,0.781083195,-0.696949518,1.966247942,-23.03897625
7/8/2026,-0.588467595,25.62367101,1.090713206,0.093811513,-2.043820155,-59.45811221,2.01014815,-0.957080981,-2.224174027,1.146532472,0.845655325,1.425352234,-1.292358995,-0.43760632,-22.40045535
7/9/2026,-1.867927782,27.24815922,-1.760947669,0.250376901,-0.590806716,-58.39764684,4.069592138,-1.648262242,-0.658573412,-1.089709262,0.844995857,0.06922188,-0.551285055,-1.582157078,-21.2771347
7/10/2026,-1.567271621,28.15358369,-2.188905325,1.22385789,-0.070409717,-57.44785909,3.650254699,-1.896276539,-0.191322908,-2.888645435,0.095120548,-1.289699826,-1.135289251,-1.204633718,-21.19247908
7/11/2026,-0.083964178,28.27983573,-0.971773711,-0.292200565,0.363467901,-56.6031433,2.382776935,0.153725476,-0.437706751,-1.491299105,-0.430533895,-2.610025269,-1.910299111,-1.021126444,-21.73907319
7/12/2026,0.163715237,29.05715156,-1.540372165,-0.042350665,-2.328881174,-54.8647496,1.516091296,-0.811858169,-2.328521676,-0.060814459,-0.690878525,-1.058023834,-0.99422204,0.668665484,-21.40770127
7/13/2026,-1.147509636,30.50606001,-0.844268398,-0.725531214,-3.370996272,-52.22403505,0.482633076,-0.336278271,-1.330387754,-0.856210553,-0.020074973,-1.738180907,-0.408248219,-0.197558832,-21.38887378
7/14/2026,-0.515324856,31.39488984,-0.472076093,0.759727901,-1.884703158,-51.54833547,0.438533864,2.344333238,-1.65028506,-0.444501034,-0.433029464,-3.195799137,-0.190788055,0.564926631,-22.41916262
7/15/2026,0.076122466,32.88165005,1.437649163,-1.067350164,-0.466444587,-51.25568867,0.059259059,1.294691204,-1.260913257,0.683573137,0.029957178,-1.528900878,-0.840770564,2.087821624,-23.63355136
7/16/2026,-0.838183957,34.18572821,2.994034586,-1.199331946,-0.083184584,-50.99209724,0.079929942,-3.057233572,-0.329106639,0.303661444,2.093375106,1.575658991,-0.95418413,1.974830198,-25.64991502
7/17/2026,-0.349185268,34.05199588,1.660419614,-0.342387292,0.732233896,-50.85392374,1.424946897,-3.259153427,1.307056052,-0.937035094,2.127149767,0.939324483,-1.493485495,0.16882783,-25.62767037
7/18/2026,-0.151302442,32.7869547,0.493049868,1.360091654,-1.041517385,-51.45777525,0.232969897,-0.40048761,-0.111028935,0.225628373,0.950266328,1.402085464,-0.226237594,-1.061324002,-25.27044621
7/19/2026,-1.233751763,30.6697038,0.112242284,0.750304731,-1.59824085,-50.43603504,0.853746484,-0.186507549,-3.598554783,2.619972978,1.771373719,0.923080637,1.278209902,-1.98185055,-24.50769223
7/20/2026,-0.382463698,28.63757283,-0.425117361,-0.105016688,0.461735159,-47.90886056,2.199939734,-0.879728341,-2.823232709,1.211157913,0.654748858,0.454958729,-0.792983177,-1.740463063,-23.42476136
7/21/2026,0.331306308,28.51581352,-0.198197487,1.818147057,2.781223545,-46.61229612,1.508747367,1.14231558,0.462434645,-1.31708587,-1.64527522,1.19205172,-2.064477594,0.294743881,-23.65480185
7/22/2026,1.281835028,28.25452488,-0.779370819,-0.357125666,1.401316944,-47.53885365,-1.414708626,2.215125213,2.190368148,-0.678837114,-1.995251443,0.424956488,-2.900572396,2.267968342,-24.29104787
7/23/2026,1.822903069,27.88367988,-1.823613572,-2.413081356,-0.373285863,-49.1477661,-2.16391826,-0.199764357,1.80042203,0.016594274,-3.067942787,0.522366207,-2.698921834,0.358098445,-23.89177007
7/24/2026,-0.283927527,27.09872141,-0.741341696,-1.007834364,-2.184764171,-49.87144724,-0.028093378,-2.86482999,0.492438596,-0.168902215,-2.192279156,0.63511753,-1.692908461,-1.568922556,-23.44846333
7/25/2026,-1.108181556,26.03909261,0.507943226,-1.106754843,-4.158789369,-49.84819876,0.481883067,-2.153629851,0.85668742,0.666070758,-1.296949114,-0.287019935,-2.329474638,-0.967961043,-22.083497
7/26/2026,-0.149873666,23.7631196,-0.298532313,-1.685285723,-1.175200981,-48.46101393,-0.767507924,-0.242109801,-0.222353451,-1.201909343,0.898267844,0.819830388,-2.66645522,-1.396511458,-19.64644534
7/27/2026,0.423861751,21.42197696,0.42436297,-0.302814986,1.470777018,-46.21221689,-1.288249776,1.001253994,-0.024237436,-0.39414664,0.86588808,0.316938476,-2.705928907,-0.344574011,-16.7545418
7/28/2026,0.769364737,19.71331688,-0.061254072,0.062111722,2.0952825,-43.49840978,-0.00541483,0.279114255,0.683894549,1.145372155,0.300432319,-0.565582074,-1.547280073,0.038373637,-15.01959902
7/29/2026,4.314350333,19.13155609,-0.030092889,-0.526811598,-0.29447761,-41.0584856,0.880274164,0.037313982,1.604345246,0.04484867,1.009664973,0.197160599,-0.621388768,-0.48069731,-15.28830418
7/30/2026,3.15950071,19.2759245,0.906563663,-1.596391357,-1.040985109,-40.82040212,0.41989841,2.181739927,3.985916625,-0.589554829,-1.605336325,-0.780171622,-1.004694202,-0.637168192,-16.60303611
7/31/2026,3.031266066,18.27579387,0.747806872,-0.085377486,1.919310003,-41.56789993,-0.252448046,2.566938492,3.489238295,-0.299197693,-0.727587237,-0.439921816,-0.61422125,-1.105415087,-17.50242813
8/1/2026,2.772761403,18.16071768,0.815199322,0.598974686,2.335202851,-41.05415815,-0.664711937,0.520028362,1.392621909,-1.701115128,0.334312852,-0.273072086,-0.783062361,-0.593947599,-17.39815615
8/2/2026,2.315048093,18.84407413,0.073066382,0.260208948,0.662508605,-40.26739113,-1.411469413,-0.875553445,0.467151192,0.049173579,-1.277998535,0.922052314,-0.881858325,-0.025909145,-19.23427102
8/3/2026,1.073759611,19.55763304,-0.36650525,2.002762365,-0.334058991,-39.31800202,0.540676909,-1.014100852,-1.545730034,1.520462512,0.376954922,1.027929621,1.123860884,-0.291463009,-21.42983884
8/4/2026,1.403224987,20.07578278,-0.467698689,0.131572653,-1.988557403,-38.81557168,0.594168261,0.83021736,-2.17520851,0.90602392,0.564669361,0.591730814,2.57177233,-0.97204162,-22.59314691
8/5/2026,0.069109778,19.86432401,-1.062771464,-1.446581579,-0.168551868,-39.70329949,1.385314464,0.635616482,-1.774771946,1.117358703,-0.076486297,1.172804788,0.522489349,-0.296070309,-23.48963139
8/6/2026,-0.19535274,19.69637236,-1.006791233,-1.559857018,0.757839113,-40.87418616,2.700836692,-0.373087819,-1.575187346,-0.4422708,0.586890088,2.093890422,0.571144597,2.070696793,-22.87502037
8/7/2026,-0.602575192,20.18009098,-2.122723581,-0.981500227,0.41851073,-41.32934275,2.957255665,-0.182479179,-0.84487416,-0.681646049,2.62282691,1.814144559,1.42886182,1.861598695,-21.43883677
8/8/2026,-0.279670976,18.96122067,-2.171962857,-0.345560687,-1.257165845,-42.1036007,1.446331879,-0.469662818,-1.183915064,-0.082161624,1.755562401,1.098839355,-0.109273757,1.030939964,-19.05604466
8/9/2026,2.146855981,16.81768981,-1.567318421,-0.44857247,-2.65970618,-43.13171058,0.954247905,-1.76350646,0.200105163,0.808432962,1.301558027,-0.652532619,0.30483545,-1.062761712,-17.18723396
8/10/2026,-0.579151604,15.0072439,-1.15378916,0.082911915,0.323207058,-44.80589537,0.614420382,-0.866509262,0.548671913,-1.306125924,0.321573917,-1.456633235,2.017860701,-1.438213819,-15.23645031
8/11/2026,0.338769228,14.04967348,-0.920863927,-1.201792275,1.422139987,-45.16089294,-0.606169912,0.438476246,0.265118461,-2.014932274,-0.656900019,-1.179204645,0.501558312,-1.156497754,-11.96217498
8/12/2026,-1.409454334,14.79652753,-0.618795142,0.722689239,1.641444957,-45.10872479,-0.340206419,0.890434882,-0.199055614,-0.832641252,0.436195805,-1.317034989,-1.115741588,-2.094209274,-7.868383133
8/13/2026,-1.317604466,15.06955465,0.145338267,0.351462365,0.966620471,-43.77189623,-1.219399288,-0.007628757,-0.07549501,0.399112605,-0.594366343,-0.977192297,0.092789545,-1.810823026,-5.848402894
8/14/2026,0.298387917,14.34953867,1.138962815,1.328173251,-2.172968383,-40.71467347,0.106363828,0.636388239,0.849427033,1.212862177,-0.285053569,-0.529665453,0.72495467,0.914387026,-5.436161625
8/15/2026,0.243312769,13.15601405,0.26952301,1.139629297,-1.205515711,-38.19701186,0.063636372,0.038757546,-0.112377393,-0.119363503,-0.648689588,0.211893483,1.022551734,2.575090265,-5.660819608
8/16/2026,-0.931757116,11.38210463,-1.328345441,1.140530797,0.184446936,-37.7353866,0.047130923,0.945628813,-1.061157272,-1.512773464,0.089766073,0.056637311,1.072455594,1.397860211,-5.478942216
8/17/2026,-1.274357979,9.569808685,-2.187497475,1.254085759,0.738196548,-40.04853369,0.387317195,-0.426278497,-1.09755126,-0.974587416,0.387521749,0.520484031,1.063159404,-1.699098811,-4.438834957
8/18/2026,-0.085017038,9.079640092,-1.997769424,1.200160015,0.73642905,-43.95140796,0.048068773,-1.103520489,-2.016136965,-0.831935271,1.270052994,0.376764833,-0.638614058,-2.126869288,-4.310486499
8/19/2026,-0.781376855,8.117104551,-1.545687198,1.362818769,-1.526016083,-48.40298588,0.507166198,0.574989315,-2.365674712,0.381868468,0.252015397,-1.749407666,0.197421826,-0.023977141,-4.585085247
8/20/2026,-0.252367523,7.440479874,-1.683608192,2.146843792,-1.441931456,-50.38238042,0.013356963,-0.073788004,-1.986761373,0.587429538,-0.118665697,-1.988979994,1.687227988,0.96154458,-6.735852571
8/21/2026,-0.105848674,5.546510036,-2.445919187,1.484627445,2.307403791,-50.76495774,0.688014316,-0.198305822,-0.309479855,-3.04391361,-1.049963134,-1.337475552,1.082059247,-1.345953661,-7.594331626
8/22/2026,-0.715109552,2.997839021,-2.197527087,1.599780224,2.924898095,-50.54698732,-0.653453603,1.531371148,0.457577074,-3.161961571,-1.07427114,-2.012180074,0.405796376,-2.624382732,-7.900820797
8/23/2026,1.714878358,0.858478114,-1.099785254,0.87013244,0.470660112,-52.44182381,-0.738739094,-0.964712838,0.52740298,-1.274881702,-0.267262191,-0.607379314,-1.345600094,-0.959851454,-8.285037479
8/24/2026,1.662846037,1.084976592,0.117707487,1.96219668,0.311599637,-55.88690264,1.620111284,-1.581654226,1.192035417,-1.660581312,0.596631302,1.166323244,-0.770988292,0.996112466,-8.797285233
8/25/2026,-1.027434964,1.783503211,-0.260557523,0.500925706,0.666911161,-57.66585337,0.585295917,-2.350222391,0.799005105,-2.130054346,-0.564186543,1.918555798,0.392265198,-1.182784235,-8.113431167
8/26/2026,-0.430006664,-0.136025444,-0.766245805,2.101495856,0.318708626,-58.00290981,-0.785229542,-2.764137021,0.735018687,-0.6261598,0.531093994,0.937690608,0.362764559,-2.038059143,-9.967611382
8/27/2026,-0.919790463,-4.38725328,-1.47502034,1.220739563,-1.090664209,-58.2089619,-0.14980491,1.064552814,0.420473531,1.945825949,1.674294255,2.053340502,1.280859232,-0.146769557,-12.51548307
8/28/2026,0.300559057,-7.903404849,-1.139628664,-0.698331364,-0.885653581,-57.84135343,0.310242467,1.624534987,0.434310413,1.983520025,1.418011456,1.380671758,0.756093729,1.477289256,-14.15833002
8/29/2026,-0.612185304,-9.382310141,-1.430818634,-0.290894404,1.231680133,-55.70256937,0.577584046,-1.239524402,-0.259458511,-0.338945536,2.727602686,0.491317084,0.809021898,1.786768121,-15.65058395
8/30/2026,-0.482047624,-9.587312031,-0.481652958,-0.8555883,0.41288175,-53.82244249,0.918231193,-1.658256005,-2.801649877,-0.613862831,0.862772413,-0.318612413,-0.389311019,1.139989238,-15.04652796
8/31/2026,0.215758705,-9.35501513,-1.797441845,0.327290569,0.719919112,-52.73551779,1.289511917,1.766236557,-2.510630964,-0.360675709,-0.726991256,-0.493637134,-0.626073396,-0.671519313,-14.70831055
9/1/2026,0.995210417,-7.96959234,-1.972697192,-0.456249638,0.881399766,-51.85608115,2.008344388,0.415662914,0.113720989,-0.965596338,-2.214915002,-0.684359099,-0.496811816,-3.022249032,-14.17724865
9/2/2026,-0.603170157,-7.096800087,-0.829093126,-0.719933216,-0.984626936,-48.84001107,1.857870788,-2.519603588,1.552175151,-1.71498021,0.16709531,-0.240199237,-0.092839689,-2.305934232,-13.11646064
9/3/2026,-0.69640333,-5.94800979,-0.110269111,-2.32150066,-0.095867921,-47.93367047,0.851605202,0.0587435,2.111971221,-2.642465004,0.754622842,0.016454439,-0.325823605,0.979718743,-11.04034219
9/4/2026,-0.892787309,-6.443295219,2.711432915,-1.845206716,0.537266618,-47.75632123,1.00187324,3.452189825,2.678275326,-1.666521135,0.397189035,0.012918683,-0.44219517,3.05435745,-9.831100572
9/5/2026,-1.189001618,-8.461421751,2.782729948,-3.531003356,0.742664463,-47.42310243,2.669848036,2.048635239,1.922247543,0.311928703,0.518282047,0.44468938,0.552360548,2.30086765,-10.17211904
9/6/2026,1.052053269,-11.93181298,0.527230387,-3.702504837,0.279558416,-46.71380054,1.962243045,-1.663304989,1.193902515,0.700503159,-0.814519819,1.457459903,0.169834906,0.668996148,-9.647144671
9/7/2026,1.036213673,-15.19241372,-0.233470892,-1.461088246,-0.411452705,-46.6622061,-0.046461281,0.174665599,0.058225645,-0.229554125,1.957040088,1.824030077,-1.696365343,0.053503936,-8.358803784
9/8/2026,-0.639155751,-17.33245803,-1.931167479,-0.090852789,0.238387596,-47.00890075,0.694038307,3.266914629,-0.534020792,-1.417736108,1.303445235,-0.390479922,0.258770392,-0.664077928,-8.918075945
9/9/2026,0.534368497,-18.52551373,-1.756682022,0.370945888,0.742915978,-46.52998947,0.669470257,2.478612879,0.222331612,-0.326860664,0.891461936,-2.788209088,2.210672837,-0.776525867,-10.56541293
9/10/2026,2.442777295,-19.12241305,-1.743636968,-0.74440861,-1.677943288,-42.77402721,-1.886086883,-0.600479982,1.561358703,-0.62279373,1.260643785,-0.738605542,0.365655355,1.539229603,-11.43708497
9/11/2026,2.498131638,-20.3771643,-0.289650631,-0.494356522,-3.039482301,-38.15595857,-0.964689583,-1.553603532,1.122786851,-0.085812759,1.237395503,-1.810042023,0.355630405,0.753654425,-10.92913265
9/12/2026,-0.020490983,-21.78403256,-0.32820948,-0.300216452,-0.136339319,-35.82916488,-0.678704306,-0.614149119,0.05542565,-0.28444773,0.966321326,-1.310790616,-0.049276446,0.819000015,-10.8847098
9/13/2026,-0.496528663,-24.22072061,-0.500686766,-1.338494561,1.307551184,-35.28088115,-0.64401671,0.43551964,-0.151834922,-1.425007665,-0.21068166,-1.956587396,0.037659084,0.695798643,-14.11192741
9/14/2026,0.968993951,-25.06822779,-0.932607591,0.700301565,-0.067790548,-35.61720487,-0.026241337,2.017418532,0.525500471,-2.194485395,0.345059361,-2.975932875,0.418448557,0.975864406,-16.98216278
9/15/2026,-0.126273095,-25.19874369,1.01832442,1.29754323,-1.967799848,-37.84134932,0.310171143,2.271700729,-0.940621881,-1.607369574,2.089060113,-1.244096997,0.09250613,-0.533043925,-19.6630131
9/16/2026,0.368055571,-25.91775238,0.883459985,0.557561764,-2.481982426,-40.40374777,0.940737261,-0.485184743,-3.34403382,0.92276947,2.598856114,0.012696962,-0.831275721,-0.801189509,-23.89902243
9/17/2026,0.995467396,-25.00466033,2.145789929,0.361422897,-2.832629624,-41.37340286,0.318662987,-0.154439979,-3.141026141,1.949629108,3.152500295,-0.568892223,-1.419685179,-0.46172703,-30.28162336
9/18/2026,-0.329650034,-24.90458147,2.620069544,0.425236546,-1.365772995,-42.86301348,0.498242743,1.147541369,-3.011440236,1.687594569,1.380284501,-2.932377626,-1.902250926,-1.817662749,-34.71336602
9/19/2026,-0.257315376,-26.59124453,2.117762204,-1.786592941,-0.06768775,-43.34541327,0.194817013,1.15712204,-2.502145286,1.069294325,-0.16143412,-2.305671024,-2.149424437,-0.970532073,-36.83680373
9/20/2026,-3.395656566,-29.26225625,1.62044094,-1.319133147,-0.809818756,-42.622837,0.732400317,1.913039359,-1.602109041,-1.062128441,-0.222647392,-0.991598609,-1.474619392,1.439971632,-38.27221402
9/21/2026,-3.061781581,-31.48084483,1.351511027,-1.473464136,-0.719674118,-42.67963714,1.277091835,-0.052993997,-1.313415057,-1.728538183,-0.077863523,-2.073870734,-1.479941001,0.526285906,-37.85726401
9/22/2026,-2.0896371,-32.41430203,-1.094398146,-1.885698492,0.413147407,-43.22236353,-0.050745791,-1.374174657,0.614460642,-1.237411412,1.047473405,-1.060962521,-0.344222431,-2.20773543,-36.27645715
9/23/2026,-2.501565442,-32.01888508,-1.597151499,-1.412519388,2.674886808,-42.02044237,0.68643374,-0.994657862,1.2149621,0.984508846,-1.063980587,-0.651887362,1.587955766,-1.784216348,-33.39301064
9/24/2026,0.131472039,-28.83980185,-0.064971136,0.950174894,0.466100809,-39.76658096,0.241646271,-1.858352664,1.038653315,0.354958988,0.891161967,0.188159083,0.808823104,-0.054157587,-32.24752819
9/25/2026,-1.351258155,-27.89578671,0.256680437,1.210947798,-0.433427549,-38.03870655,0.714495556,-0.804921856,1.261723546,0.03099409,0.376689282,0.232475818,0.411794756,1.03990056,-32.29115708
9/26/2026,-1.25079938,-27.84535826,-1.296408502,0.155389689,1.382686645,-37.23527339,1.047758211,3.118857299,-0.259088487,1.398800024,-0.200867501,-0.83358345,0.801344288,1.722607044,-33.9513231
9/27/2026,-0.61973905,-28.06786397,-1.26268464,0.665816595,0.199643264,-36.79544609,2.508977707,0.896108087,0.454034297,2.698163997,-1.132624876,0.696421432,1.072548459,0.760092076,-35.98516173
9/28/2026,1.069429859,-29.06634783,1.051801416,1.798845393,-0.618005815,-37.00500873,1.766296342,-1.758226165,0.566897577,1.073012705,-2.334431597,0.259323286,0.801030406,1.505082253,-37.56877193
9/29/2026,-0.794204236,-30.57841785,2.45443463,2.003940919,-0.589416206,-39.4913776,0.444444982,-0.152299269,0.923623691,-0.090419364,-0.577488374,0.128289432,1.173579728,1.50283261,-38.01663234
9/30/2026,0.686641211,-32.7043156,1.663969992,1.261994921,-0.147318269,-39.99339576,0.063076167,0.837069713,-0.341853141,2.281404525,-0.273175057,-0.8562943,1.366111784,-0.327941642,-37.92647789
10/1/2026,0.422217787,-32.74971425,1.758632669,0.110260175,1.778098823,-39.1181927,-0.279409542,0.272219278,-2.15342823,1.320382698,-1.453865934,-0.957058831,-0.361706949,-2.409805514,-37.22619613
10/2/2026,-0.728177979,-31.09239369,0.893389025,0.764379419,2.105365814,-38.1172611,0.538965218,-1.484094499,-0.880327963,-2.262657294,-2.167398333,-1.459038013,0.193237621,-1.944521427,-35.79088338
10/3/2026,0.025196687,-29.65365672,-1.403779882,0.852113037,0.968277924,-37.37553626,-1.026851239,-1.087987225,0.263401408,-3.897941254,-1.636223699,-1.048368868,1.331572073,-0.368456341,-32.42304699
10/4/2026,0.214177708,-27.42780079,-2.307904564,1.406461042,-0.495458,-37.69457203,-2.213632282,-0.50257127,-0.61978704,-1.002457374,0.687287306,1.08268716,0.257416267,1.27741018,-29.64017746
10/5/2026,-0.471710252,-26.92930832,0.039150091,1.479048427,-2.296114444,-38.43947638,-2.59609203,-2.464074112,-1.540377223,-0.5539097,0.152781032,-0.722288847,-0.138668472,1.663124924,-29.06912678
10/6/2026,-0.213224066,-28.71718246,0.370737471,1.936981771,-1.715448835,-40.57877599,-0.774859592,-0.611289341,0.00738094,-1.24433918,-1.411474334,-2.046934706,0.629169891,-0.738097223,-28.9509241
10/7/2026,-0.513248037,-32.63322724,-0.167612477,0.626953851,1.25114212,-40.38496663,1.703306613,2.307784612,-0.735547509,0.209018928,-1.092627664,0.243009504,0.378602723,-1.259976076,-29.55924072
10/8/2026,-0.194431477,-36.77125251,-0.480998026,1.693566376,0.137374758,-40.36464977,1.431449437,1.533375969,0.799134442,0.91237584,-0.928300168,-0.063517975,1.178553881,0.56774788,-28.84340993
10/9/2026,0.545471788,-39.44207642,1.543702298,1.213739431,-2.213933399,-42.00168194,0.505123308,0.132414516,0.156015667,0.805534683,-3.253866744,-0.707183524,3.382340654,2.424059713,-27.95614912
10/10/2026,1.913299889,-40.86086292,3.1594647,2.803504531,-1.138513566,-43.94014358,0.255085128,0.76181016,0.356151465,0.484487284,-2.006614913,0.615594573,1.850733292,2.40611577,-28.13097801
10/11/2026,-0.089835565,-41.51136362,4.44889615,0.9929149,-0.62820658,-44.03527445,1.317441732,0.949432649,0.104814027,1.28327602,-1.434903478,-0.236258796,-0.77007237,1.28608194,-28.98997926
10/12/2026,2.079132035,-43.23804992,2.952914958,2.331712743,-1.184188129,-43.43380611,0.196119053,1.025063092,0.524147054,0.011063798,-0.164735722,1.684254436,-0.633635431,0.108130102,-29.02262044
10/13/2026,-0.704608578,-44.17643537,1.708463883,1.59693843,-0.947309094,-44.3018064,-0.034512745,0.246958641,-0.040765502,-1.69314576,1.750114662,1.688478533,0.526272228,-0.071582459,-28.84074342
10/14/2026,-0.574550242,-44.09826175,-0.544160812,0.306745054,-1.494950256,-44.18633611,1.053288851,0.82814774,-0.400821258,-1.702886244,2.176633827,0.525175712,0.320894742,1.324582244,-29.45215752
10/15/2026,0.243587061,-43.19848954,0.598197,-0.299838802,-1.898931491,-42.75888413,1.417817647,1.245061939,-0.224608616,0.313027667,1.037091605,2.47241364,1.521361485,-0.226871979,-28.47448747
10/16/2026,0.427144105,-44.18486125,-0.277907281,-0.500250589,0.08592199,-40.99847767,1.098928108,0.434056134,-1.098124094,2.054386909,-0.484270945,0.877733261,0.003379208,-1.643261929,-27.91137933
10/17/2026,-0.366413057,-45.4115745,-0.389289897,0.124015593,-0.218533804,-38.95728208,1.626342793,-1.413087971,-0.209112684,1.578631547,2.282797236,1.268735329,0.159165907,-1.399358371,-27.96603329
10/18/2026,-0.427970085,-47.17962227,-1.205237251,0.597244844,-2.39654913,-34.9803357,-1.489642459,-1.096639796,-0.32144017,1.356903778,1.428896776,1.060533778,-0.249110418,-0.066687122,-27.32873647
10/19/2026,-0.749782985,-49.2316568,-1.630406463,-0.215353098,-2.140414301,-29.21189203,-1.148238827,-0.587553865,-0.594605427,-0.59002604,0.871267357,1.938061556,1.352478369,1.922861123,-28.25154042
10/20/2026,-1.039234548,-50.12717424,-1.888012393,-0.153566451,0.448277526,-25.34499372,-0.957044969,-0.993240858,-1.383092054,0.257224878,0.498635327,2.72434813,3.3565057,0.800720658,-29.14062984
10/21/2026,0.226061368,-50.30620866,-1.88678643,2.050130488,1.088128442,-21.74432741,-2.570785655,-1.224652005,-3.651619436,2.731356691,0.497265957,1.666613027,1.708602404,-3.051636525,-30.48906092
10/22/2026,0.492652307,-51.21962248,-1.725666022,2.957621463,-0.280159939,-18.38881694,-1.506443387,-1.579082383,-3.041770944,2.299983506,0.153999162,0.246549946,-0.001918569,-3.014982095,-31.00289062
10/23/2026,-0.397318211,-52.18716761,-1.626750887,2.210896547,-0.568607774,-15.68483075,0.824917892,1.439206966,0.815318845,2.101984729,-0.481262509,0.607902111,0.638805748,0.634646218,-31.86244807
10/24/2026,0.661208949,-54.29609342,-0.19934905,1.364541407,-1.835303604,-15.50516196,0.824473849,3.587822807,2.157309879,-0.730030731,-0.835616447,-0.312974103,0.276107379,2.207281282,-32.16673901
10/25/2026,0.70402489,-55.17694917,-0.871203753,0.938756171,-0.959518548,-16.41388186,1.310132066,3.39009816,1.373236275,-2.539067985,-0.534123138,1.825602785,-0.062209788,1.373790238,-30.89709599
10/26/2026,1.235277053,-55.33561294,-0.657005567,1.176771675,1.001290586,-17.85713028,2.64849411,-0.102313593,0.416023156,-1.664282847,-0.863898654,1.231897002,-0.023880961,-0.191534049,-28.72095712
10/27/2026,1.370795074,-54.41490327,0.97767294,-0.31672956,0.433625265,-18.30143231,3.284072812,-1.870164003,0.125321139,0.461826539,-1.231184975,0.37381665,-1.921458268,-1.984569402,-26.73323888
10/28/2026,-0.006517967,-53.82973418,0.462823766,-0.447414273,0.681939573,-17.08290362,3.807966717,-1.924815045,0.618766042,0.115709806,-0.632280757,0.408970296,-1.742436143,-0.875143799,-25.64625056
10/29/2026,-0.56409182,-54.26547456,-0.691785553,-1.937032638,-0.432382393,-17.89073251,3.302096661,-1.628706999,-0.652582148,0.11244993,-0.634345672,-1.101744112,-1.566480944,-0.214559013,-25.68612762
10/30/2026,0.408838513,-55.55289357,-0.863584958,-0.76299646,0.054952583,-19.43470788,2.023332966,-1.174612395,0.315705494,1.905074375,1.123385585,-1.632660506,-1.552254404,1.902588778,-24.52722895
10/31/2026,0.855673373,-55.83126444,0.655722879,0.189398064,0.988347492,-19.25024903,-0.560125873,0.912778091,1.318962741,2.010720536,-1.976938457,0.220817605,0.470255673,2.626664357,-23.79586762
11/1/2026,0.49250243,-56.26963115,0.993859154,-0.369547624,-0.022648951,-18.76532193,-1.16691175,1.092002085,1.663819622,0.721562911,-0.094656222,-0.524403716,-0.443926257,-0.046709221,-24.74386451
11/2/2026,0.412828841,-56.24277132,0.043358335,1.352258189,-0.493222128,-17.8386415,-1.525127465,0.934138276,1.55765984,-1.255848217,1.189291459,-1.361553212,0.088639301,-1.769099928,-25.16582674
11/3/2026,1.525362201,-56.28681011,0.293070101,-0.41441075,-0.28772008,-16.56693596,1.071080347,1.250187071,0.973836873,-2.143143489,-1.359815357,-0.280279175,0.090638795,-1.091905843,-25.88245642
11/4/2026,0.323645932,-58.48042288,-0.762206439,-1.71302133,1.185458315,-15.28666967,1.228031448,2.676463294,1.167626336,0.413635908,-1.158576808,1.01753665,-0.346025943,-0.169625498,-27.66056613
11/5/2026,0.74128494,-61.35488626,-0.140660569,-0.803360979,0.111932166,-14.61899475,0.666866206,0.284362625,1.444771796,2.29832776,-1.066586951,1.3294753,0.505454857,1.282380852,-30.64606796
11/6/2026,0.242578312,-64.54382953,0.610820827,0.565081715,-1.736918881,-15.5706281,0.934200402,-0.454029875,0.605070841,1.047869409,-2.047463865,1.793732866,0.908927482,1.37312814,-33.64208103
11/7/2026,-0.072134216,-67.01284688,0.161044866,2.02297672,0.044591932,-17.87142866,0.731296798,1.633699286,-0.412682637,-0.754950778,-2.006295007,0.319444631,1.161097256,-0.578582212,-35.76385882
11/8/2026,1.055496322,-69.66771367,-0.881186754,0.754901769,0.5148617,-19.10332155,2.078140418,0.186409468,-0.333925732,-2.877003999,-2.31435285,-1.230143888,1.776978487,0.859275208,-36.83519127
11/9/2026,1.458714142,-70.9298625,-1.662708619,1.531621895,0.699111795,-19.46832277,1.094441263,-0.008411425,1.422799803,-3.009610425,0.363658734,0.763247319,0.944454725,1.555023221,-36.40513864
11/10/2026,1.688738121,-71.31524012,-0.651209342,0.880464668,2.373853589,-19.81610662,0.492768342,0.873545513,0.091900887,1.246535682,1.153873633,0.135268553,-0.272532725,0.93020392,-35.14455601
11/11/2026,2.31872168,-71.76960061,1.117302766,0.355651501,1.075066007,-20.5179231,-0.418243432,0.144851242,-1.917217653,1.224433516,1.963879275,-0.169671885,-1.466311583,-0.31195731,-34.31562969
11/12/2026,1.41223685,-71.47512276,0.412935837,1.097050838,0.006134046,-21.45614685,-1.826132462,-1.171793017,-1.380858091,-0.466730171,1.899999629,1.226391011,-1.992626532,-0.468982741,-34.11190569
11/13/2026,1.529295081,-70.00658305,0.409931523,1.310553381,-1.120241124,-21.12476373,-2.052844326,-1.632540275,-0.573637007,0.738631876,0.010948006,1.292064616,1.622616947,0.437097366,-33.57861165
11/14/2026,0.607310292,-68.66360451,-1.698706576,-0.790060128,-0.404976856,-20.73772204,-1.308166597,1.46222318,-0.093121759,-0.380506054,-0.517951463,1.231126542,3.235625824,-1.478584916,-31.73098634
11/15/2026,0.688552528,-68.63906706,-2.268781826,1.002504273,0.865639671,-22.01418378,-1.098200242,2.18530322,0.266728984,-0.930589977,0.178603684,2.90367827,0.764610378,0.326771728,-29.85981187
11/16/2026,0.282988462,-70.78391436,-1.399296938,1.981593918,0.956174109,-22.70694141,-1.41324199,1.026425366,0.007743517,0.911641089,-1.114965599,1.098688732,-1.480582514,3.081645702,-29.14308094
11/17/2026,0.266789042,-73.6438573,-1.621755459,0.563393649,-0.277846403,-22.95564676,-2.389906851,-0.620562228,1.404454295,1.085720979,0.044019071,1.587053367,-0.787408378,1.158798779,-29.94047381
11/18/2026,0.755230451,-76.32006019,-2.111257471,0.733839723,-2.439695335,-23.17591244,-1.840585984,-1.870847423,-0.302731455,2.95518784,-0.213913956,1.009245145,0.346307033,-1.86437108,-32.3605478
11/19/2026,-0.365082413,-78.1273306,-2.098010842,0.93433402,-1.168560634,-21.68479561,-2.458255595,0.178968464,-1.620224344,0.628139725,-0.503169181,0.874139366,0.940943271,-1.293732393,-33.86892515
11/20/2026,1.873337828,-79.503311,-1.023924515,0.821274178,-1.38225736,-20.00689691,-1.070959983,-0.11007324,-1.244765742,-0.754878274,0.40905846,2.052952046,0.435069376,0.358621421,-33.8628382
11/21/2026,0.117985315,-79.8135397,-0.582414185,-0.057540647,-1.583922656,-18.7212543,-0.149017853,-1.280168373,-2.306873586,0.018528472,0.689698387,1.739606984,-0.009901889,0.888266134,-32.99283325
11/22/2026,-1.143397424,-80.26869371,-2.604369933,-0.706147756,0.84963818,-18.98420039,-1.499084525,-0.469205069,-1.986566722,0.726781472,0.052852867,1.582060269,0.272746875,0.653052076,-32.31080796
11/23/2026,0.472072419,-80.90531892,-4.318177612,-0.449242725,1.531836468,-19.95109924,-1.641771939,0.357474298,0.597845043,1.142467756,1.191041523,2.021743499,0.353418254,0.571784356,-30.55898776
11/24/2026,1.074906146,-80.13182719,-3.614234045,0.903183384,2.347892146,-20.03154723,-1.696726006,0.178148943,0.984397076,-0.357817931,-0.366438414,0.84809337,-2.008234043,1.701463171,-29.28854676
11/25/2026,1.269063504,-78.73391321,-1.592176508,1.085510185,2.480461796,-21.33042673,-0.830051055,0.283740129,0.731254039,-0.674176809,0.396072559,-0.330353645,-2.121636801,1.724973566,-27.81307217
11/26/2026,1.389783612,-77.78428976,-3.360518462,0.280691779,-0.097660002,-22.68659621,1.053094723,0.975427707,-0.802257383,-1.84941468,0.830744793,-1.243021381,-2.004144687,-0.759827525,-26.4888957
11/27/2026,0.821623394,-77.8464789,-3.278991344,0.940113778,-1.232236346,-23.29908428,-0.81244493,1.335207706,-1.521556006,-0.908166656,0.188900437,-2.712169418,-1.167423498,-0.06832582,-26.32211203
11/28/2026,-0.404280335,-78.817996,-2.365635599,-2.284474354,-0.492485845,-23.57489413,-1.041265374,-0.455544401,-1.382518946,1.011778833,0.439473284,0.428905479,2.471631821,2.589356152,-25.9336869
11/29/2026,-0.166763643,-80.56813522,-0.004979164,-0.221918912,-1.483159739,-22.68257741,-0.634755051,-1.453738643,-1.159053122,1.415613468,-0.987429606,-0.845865078,2.797401177,4.850965811,-24.99473055
11/30/2026,-0.777219897,-82.58453224,0.167823718,-1.872865126,-2.157629597,-21.29416942,0.289909433,0.688055583,0.575031195,1.658223784,0.331569256,-0.728772671,1.232163569,1.457881808,-23.86956592
12/1/2026,0.508787795,-83.30920804,0.312892119,-1.486160017,-1.254351998,-18.81583346,0.626687375,2.209532736,1.357864176,1.067562988,0.014039417,-0.714076902,1.412471412,-1.563275786,-22.93470234
12/2/2026,0.158215296,-83.58806888,0.450898793,-2.011365905,-2.052332202,-17.58338546,-0.353346993,-0.355603456,-0.209449444,0.11982805,-0.51429937,-0.121039444,1.557644194,-2.979249527,-22.37103806
12/3/2026,-0.730568019,-85.21610258,-1.848614227,-2.501501019,-1.304703053,-17.20478685,-0.796515165,-1.217254866,-0.302803127,-1.155711408,0.740429604,0.743113546,1.391991742,-1.348908755,-19.66341404
12/4/2026,-0.759726653,-85.09964005,-1.008326489,-0.340073824,0.140517777,-16.82519861,-1.321905013,-2.065007795,0.445422097,-1.708070101,-0.260085928,1.306341616,1.470884261,0.308799586,-15.66039699
12/5/2026,-0.042904538,-83.82571269,0.018516148,-0.671745496,-1.320351528,-17.62446677,0.096644289,-1.481978616,1.562148786,0.570738354,-1.564512853,0.200727531,3.034725932,2.152608264,-11.94363154
12/6/2026,-0.589467275,-84.30831708,0.603685316,-0.056543416,-0.917461424,-17.68235991,0.500036649,2.190699058,2.817674695,2.851263614,-2.495336886,-0.046685195,1.209091957,1.088067664,-9.240359668
12/7/2026,-1.175900761,-85.74320034,4.43138782,-0.080846628,1.149511418,-14.91427498,2.15973367,1.341770223,1.02595943,1.353487103,-0.89119218,0.254568833,0.625822681,-2.485466832,-6.555339763
12/8/2026,-0.461853245,-86.71416838,1.702076053,0.42853285,1.28253514,-12.10809345,1.779682295,-1.579358142,-0.703915473,-0.515144041,-1.81514466,-0.095949826,-0.424016959,-2.561167677,-3.922754444
12/9/2026,-0.032145376,-85.53671392,1.742089501,0.333941601,-0.080014788,-9.92786648,0.157170055,-0.572331031,-1.9338786,-1.50220934,0.665707386,1.54977568,-0.027048285,-2.361100449,-2.058001111
12/10/2026,-0.526230401,-85.08605765,1.273475891,-1.082627263,-0.00835995,-8.282701277,-1.718492072,-0.882683066,-1.703990303,0.205149088,-1.682504976,1.42084036,-0.710005595,-0.357042827,-1.22961106
12/11/2026,-0.786776546,-84.3936794,0.809087842,0.346690461,1.001435318,-7.966927588,-3.267871469,-1.672323816,-0.47924472,1.868679783,0.686953382,1.587382002,-1.139844216,-0.839736989,-0.96527653
12/12/2026,-0.24001599,-82.09074567,0.473963237,-0.285742306,0.964428927,-9.955015987,-3.939327548,0.08054244,0.934255506,2.845627962,0.623189497,1.61531047,-1.031958748,-1.260551175,-4.017560217
12/13/2026,-1.592093936,-80.63789652,-0.205459613,-1.728027282,-0.655911026,-12.76402265,-2.3361915,0.272809978,0.786110536,0.627290579,0.277200586,2.142660139,0.34180138,-2.031766669,-7.223542457
12/14/2026,-2.362720136,-80.3580278,-0.842257268,-1.46493153,-0.73200904,-16.19427177,-0.552520066,-0.496730297,0.042827335,-1.657623716,-0.378598735,1.466617642,1.479681822,-1.794832031,-9.530307462
12/15/2026,-2.136076303,-81.36517262,-0.31955307,0.621800872,1.301812195,-17.24429835,-1.653960726,0.446446743,0.045232651,-0.761091653,0.171976873,-0.416861363,-0.138494688,1.642935383,-9.565934507
12/16/2026,-1.495092933,-82.69107528,-1.545146737,1.223302266,0.696751858,-17.13737296,-0.56441833,1.138656826,-0.751823379,0.931410775,0.065551422,0.149571134,-0.512600184,2.441976015,-8.771631664
12/17/2026,-0.586148194,-83.62493742,-0.62886368,0.385329225,1.578023856,-17.4766919,-0.407254891,0.721994078,1.379569871,0.690671876,1.142632735,-0.561614213,-0.943906302,-0.319802687,-9.474341342
12/18/2026,1.1236673,-83.5438997,-0.430394578,-0.118060169,1.012856984,-16.9640891,-0.250058854,-0.297304146,-0.082060603,-1.022613347,0.79980729,-0.86558521,-2.014290004,-1.341224657,-10.54032901
12/19/2026,1.531860003,-82.07526859,-1.51174439,-0.392471153,-0.564411893,-17.33370161,1.545908406,-0.184201772,-0.499354133,-0.143151616,0.630186135,0.067012893,-1.727564017,-0.396437325,-12.25098278
12/20/2026,0.759177472,-81.39709426,-1.657912789,1.841265292,-1.140459646,-18.88320871,2.31468177,0.08920658,1.847825384,1.483498788,0.014499469,1.278490807,-1.259071617,0.690226527,-13.32702816
12/21/2026,0.436490275,-83.33156275,0.248187679,1.486694627,-0.45311106,-20.12827272,1.247545964,0.434164136,1.740155024,-0.019406582,-0.048245942,0.788366061,1.673787563,-0.717365138,-13.44500432
12/22/2026,-0.740635199,-85.49715116,0.091618439,1.322058424,-1.402833875,-19.812506,-0.374831503,-0.098743151,0.682758415,0.389953161,0.278854203,0.781852649,2.240540201,-0.614452668,-12.4124767
12/23/2026,-0.462894256,-86.51358907,0.190128803,1.823518508,-1.853068263,-18.60697642,-2.695708043,-0.652523723,-0.092081829,2.096429205,-1.542855871,2.171326534,-0.08416347,-2.286009842,-12.10492211
12/24/2026,-0.566395192,-86.72726536,-0.492510427,1.332900264,-1.46777755,-17.38449101,-2.927733501,-1.260237893,-0.369410766,1.262516075,-2.273898944,1.5435491,-1.157902739,-2.78882378,-12.28182215
12/25/2026,-0.017118555,-87.05743554,0.219284126,0.540698013,-0.370270069,-16.44871946,-1.962658317,-0.828838762,1.115986419,-0.098394005,-0.621075273,3.527812574,0.216522324,-0.907958275,-13.73597993
12/26/2026,-0.837502077,-87.29412217,1.098318542,0.128068958,1.522205185,-15.44796181,-2.052960781,-0.663360362,-1.104729312,0.131085792,-0.201779725,2.68219719,2.605257253,0.946662196,-14.58949071
12/27/2026,0.016845268,-85.85831329,2.6719712,0.005240116,1.888901081,-14.44573638,-1.552609169,-1.514473826,0.096324281,-0.560938437,-0.305051172,-0.151444445,0.552022423,1.119334932,-14.2319786
12/28/2026,1.542846074,-83.85737139,1.899865188,-0.034078167,-1.824357376,-14.77354695,-0.751955488,-0.582986064,-0.762421532,-0.745256259,-0.16459677,0.662474954,-2.238306498,-1.247507271,-13.26223073
12/29/2026,0.816947496,-82.83930759,1.54836182,0.707182643,-0.514644341,-15.4391402,-0.570092973,0.701862641,-1.217445956,-2.172376937,0.248823643,0.778643357,-0.000157828,-2.511298633,-12.43086046
12/30/2026,0.89188022,-82.91535134,1.139710372,0.476255472,1.876424716,-16.88914521,-1.02499146,1.342064555,-1.14462833,-0.853115659,-0.390465494,1.756938768,1.137921334,-0.795601765,-11.5164559
12/31/2026,1.225272124,-83.38092885,1.904953984,1.01839336,0.025804566,-18.21490999,-0.60384209,0.299949455,-0.155458663,-0.555279004,-1.012584022,1.727344612,-0.143486394,0.552991994,-9.156087603
